Pre-Trained Models,Precision_Rouge-1,Precision_Rouge-2,Precision_Rouge-3,Recall_Rouge-1,Recall_Rouge-2,Recall_Rouge-3,F1_Rouge-1,F1_Rouge-2,F1_Rouge-3,Topsis Score,Rank
XL-Sum,0.1892,0.0637,0.0357,0.0919,0.0317,0.0178,0.1185,0.0407,0.0223,0.3510111455298842,2
BERT,0.917,0.0781,0.0236,0.0829,0.0213,0.0379,0.0861,0.3347,0.2098,0.8004094844957212,1
mT5-small,0.0707,0.0413,0.0119,0.0917,0.0109,0.0246,0.0798,0.0172,0.0163,0.07645341598540853,3
